Function,Configuration,Run_ID,Best_Fitness,Execution_Time,Best_Solution_X1,Best_Solution_X2,Actual_Evaluations
drop_wave,Binary_1Point,0,-0.9362397860177077,0.48038506507873535,0.48649179827573086,-0.18539345387960626,50000
drop_wave,Binary_1Point,1,-0.9356831786019214,0.4985060691833496,0.5080546272983906,0.12945510032806862,50000
drop_wave,Binary_1Point,2,-0.9362391675242597,0.5233228206634521,-0.46461646448462623,-0.233050431067368,50000
drop_wave,Binary_1Point,3,-0.936212812321997,0.5096549987792969,-0.5210235751888304,0.013359578850995923,50000
drop_wave,Binary_1Point,4,-0.9353272326726964,0.5608377456665039,0.36820874341954646,0.3600836194399939,50000
drop_wave,Binary_1Point,5,-0.9362320896297992,0.4905378818511963,-0.5132109559777218,-0.08117311360341795,50000
drop_wave,Binary_1Point,6,-0.9360757672245321,0.48117899894714355,-0.037109941252765566,-0.5166485084306096,50000
drop_wave,Binary_1Point,7,-0.9794576935329424,0.48977184295654297,0.011640802624551583,-0.020859693293659554,50000
drop_wave,Binary_1Point,8,-0.9362452544314489,0.46427106857299805,0.47336659800106773,0.21586266880292992,50000
drop_wave,Binary_1Point,9,-0.9328530336026619,0.4657022953033447,0.3916466010528721,0.3574273289082166,50000
drop_wave,Binary_1Point,10,-0.9346122659766002,0.46448302268981934,-0.0430475318532082,0.525398641947052,50000
drop_wave,Binary_1Point,11,-0.9344908274846817,0.5017251968383789,0.2713322652018011,0.43539726863508044,50000
drop_wave,Binary_1Point,12,-0.9362314386425266,0.46436309814453125,0.03304737926298884,0.5185235370412764,50000
drop_wave,Binary_1Point,13,-0.9362442036645132,0.46467018127441406,-0.43492851148241396,0.2850824750133514,50000
drop_wave,Binary_1Point,14,-0.9328326563903163,0.46852993965148926,-0.027109788662546208,-0.50946089875639,50000
drop_wave,Binary_1Point,15,-0.936159043930408,0.4671170711517334,0.41367818722819827,0.3180517280842299,50000
drop_wave,Binary_1Point,16,-0.9362429050737254,0.4756050109863281,0.4969607080186167,-0.15289295796139513,50000
drop_wave,Binary_1Point,17,-0.9227441262543593,0.4661369323730469,0.5333675135423821,0.08586068513008271,50000
drop_wave,Binary_1Point,18,-0.9303446665193357,0.48024892807006836,0.1817996490424969,0.5014920271610599,50000
drop_wave,Binary_1Point,19,-0.936238117339223,0.49611330032348633,0.5128984512092778,-0.08414190890363926,50000
drop_wave,Binary_1Point,20,-0.9362452488993499,0.4652900695800781,-0.15211169604028374,0.49742946517128317,50000
drop_wave,Binary_1Point,21,-0.9354361106632783,0.4707450866699219,0.027109788662546208,-0.5146172274357212,50000
drop_wave,Binary_1Point,22,-0.9357773267183549,0.4751286506652832,-0.3396145571068896,-0.38914656290531724,50000
drop_wave,Binary_1Point,23,-0.9349740737710894,0.46680307388305664,-0.30758281834134404,0.4271158922713054,50000
drop_wave,Binary_1Point,24,-0.9361518012063224,0.4630262851715088,0.517429770351721,0.03414114595254425,50000
drop_wave,Binary_1Point,25,-0.9362325338599641,0.4763798713684082,0.4625851834897379,0.23664423590447914,50000
drop_wave,Binary_1Point,26,-0.9347940446719201,0.4738607406616211,0.30414526588845625,0.43008468757152585,50000
drop_wave,Binary_1Point,27,-0.9362409869574889,0.5026938915252686,-0.48883558403906324,0.17898710612649804,50000
drop_wave,Binary_1Point,28,-0.9354744871671973,0.4723169803619385,-0.39899046311131414,0.3263331044480049,50000
drop_wave,Binary_1Point,29,-0.9320915055473435,0.4685811996459961,0.5013357747768374,-0.08882948043030492,50000
drop_wave,Binary_2Point,0,-0.923455106383345,0.49974560737609863,0.37508384832532204,0.3880527962157627,50000
drop_wave,Binary_2Point,1,-0.9362447485519007,0.4895150661468506,0.27414480811779995,-0.442272373540856,50000
drop_wave,Binary_2Point,2,-0.9359354083423497,0.4754371643066406,0.3032077515831233,0.41899076829175197,50000
drop_wave,Binary_2Point,3,-0.9362227482031121,0.4781770706176758,-0.00992202639810813,0.5193047989623869,50000
drop_wave,Binary_2Point,4,-0.9361838216029769,0.49069809913635254,-0.4924293888761726,0.16351812008850253,50000
drop_wave,Binary_2Point,5,-0.9357228242254368,0.4734508991241455,0.47446036469062314,0.2227377737087055,50000
drop_wave,Binary_2Point,6,-0.9356876920710029,0.506568193435669,0.052110170138093714,-0.5135234607461658,50000
drop_wave,Binary_2Point,7,-0.9362113390112783,0.4822568893432617,-0.2918013275349054,-0.4294596780346378,50000
drop_wave,Binary_2Point,8,-0.8505259511590842,0.5030567646026611,0.16273685816739203,-0.5477427328908213,50000
drop_wave,Binary_2Point,9,-0.9327461840458842,0.5269620418548584,-0.5144609750514988,0.12898634317540214,50000
drop_wave,Binary_2Point,10,-0.9358735435534632,0.5098721981048584,-0.1950811017013807,-0.4786791790646223,50000
drop_wave,Binary_2Point,11,-0.9355013979849549,0.47759318351745605,-0.41899076829175286,0.31617669947356397,50000
drop_wave,Binary_2Point,12,-0.9362451949149465,0.4855518341064453,0.42508461127641706,-0.2997701991302355,50000
drop_wave,Binary_2Point,13,-0.9348142664119037,0.49911999702453613,-0.5122734416723889,0.038516212710764997,50000
drop_wave,Binary_2Point,14,-0.9361592967876897,0.5331301689147949,-0.24383184557869875,0.46133516441596,50000
drop_wave,Binary_2Point,15,-0.935887900026908,0.48154520988464355,-0.4328972304875256,0.29430136568246024,50000
drop_wave,Binary_2Point,16,-0.9342487156954168,0.4911928176879883,0.4057093156328673,-0.31320790417334265,50000
drop_wave,Binary_2Point,17,-0.9351430170279716,0.49451303482055664,0.1939873350118262,-0.48883558403906324,50000
drop_wave,Binary_2Point,18,-0.936245312803968,0.5091650485992432,-0.476960402838178,-0.20773754482337647,50000
drop_wave,Binary_2Point,19,-0.9353116765125565,0.49178600311279297,-0.23133165484092455,0.46008514534218303,50000
drop_wave,Binary_2Point,20,-0.9982782718128308,0.4983701705932617,0.006328221560997882,-0.002734416723887634,50000
drop_wave,Binary_2Point,21,-0.9361987543213245,0.509483814239502,-0.39102159151598315,0.34133333333333304,50000
drop_wave,Binary_2Point,22,-0.9358369867976786,0.502194881439209,-0.23617547875181177,-0.45961638818951744,50000
drop_wave,Binary_2Point,23,-0.9362426079200159,0.49468278884887695,0.5193047989623869,-0.03523491264209966,50000
drop_wave,Binary_2Point,24,-0.9362392530916208,0.49371910095214844,-0.4893043411917297,-0.17789333943694174,50000
drop_wave,Binary_2Point,25,-0.9361385988177608,0.48575615882873535,-0.4369597924773023,-0.28555123216601785,50000
drop_wave,Binary_2Point,26,-0.9906459142226961,0.49058008193969727,0.014922102693216921,-0.00601571679255386,50000
drop_wave,Binary_2Point,27,-0.9362053031099845,0.48601698875427246,0.11726741435873933,-0.5057108415350573,50000
drop_wave,Binary_2Point,28,-0.9362114610157959,0.48131680488586426,0.22117524986648363,0.4719603265430683,50000
drop_wave,Binary_2Point,29,-0.9362448318296196,0.4830641746520996,-0.4716478217746243,-0.2197689784084842,50000
drop_wave,Real_Arithmetic,0,-0.9362453276983073,0.26258111000061035,0.43800238316214146,0.2806777704383544,50000
drop_wave,Real_Arithmetic,1,-0.9362453278079381,0.2649209499359131,0.4991548026399999,-0.14652201264030174,50000
drop_wave,Real_Arithmetic,2,-0.9362453278079416,0.2700638771057129,-0.2005918445724903,-0.47998660088943346,50000
drop_wave,Real_Arithmetic,3,-0.9362453278079418,0.2594900131225586,0.5007002664949969,-0.1411505226310466,50000
drop_wave,Real_Arithmetic,4,-0.936245327804219,0.28438377380371094,0.12252534548638261,0.5055802831142455,50000
drop_wave,Real_Arithmetic,5,-0.9999966652755917,0.26314401626586914,0.0001914226445976859,0.00023526553417000935,50000
drop_wave,Real_Arithmetic,6,-0.9362453276231091,0.2767050266265869,-0.28944157304124285,0.43226176392599214,50000
drop_wave,Real_Arithmetic,7,-0.936245324676264,0.26015210151672363,-0.41601150563464906,-0.31232780283368455,50000
drop_wave,Real_Arithmetic,8,-0.9362453261256682,0.26253700256347656,-0.22217407441373105,0.4703937038194339,50000
drop_wave,Real_Arithmetic,9,-0.936245327807941,0.25939393043518066,0.27662211366221223,0.4405728532197125,50000
drop_wave,Real_Arithmetic,10,-0.9362453278079411,0.2700159549713135,-0.3235433837623013,0.40736213767055784,50000
drop_wave,Real_Arithmetic,11,-0.9362453278079418,0.2608458995819092,0.28761786102412135,-0.43347455906304677,50000
drop_wave,Real_Arithmetic,12,-0.9362453278058563,0.26364898681640625,-0.4910325318272817,0.171787724728657,50000
drop_wave,Real_Arithmetic,13,-0.9362453271722055,0.2774620056152344,0.2390673408780391,0.46203413202510357,50000
drop_wave,Real_Arithmetic,14,-0.9362453278079418,0.2688157558441162,-0.2760586090120941,0.44092615324530493,50000
drop_wave,Real_Arithmetic,15,-0.9361836196481164,0.2588338851928711,0.2978538701833119,-0.42485957469453206,50000
drop_wave,Real_Arithmetic,16,-0.9362453278079418,0.2834630012512207,0.29095806515790823,0.43123964478767396,50000
drop_wave,Real_Arithmetic,17,-0.9981766026600376,0.2748141288757324,9.325857089136499e-09,-0.00709446483498921,50000
drop_wave,Real_Arithmetic,18,-0.9362453260073349,0.25977611541748047,0.3512473215408325,-0.3837212077968629,50000
drop_wave,Real_Arithmetic,19,-0.936245325136403,0.2832479476928711,0.40542376841008243,-0.3259548449553348,50000
drop_wave,Real_Arithmetic,20,-0.9362453278079417,0.2981879711151123,0.499949243478803,-0.14378796782894726,50000
drop_wave,Real_Arithmetic,21,-0.9362453278079418,0.28242993354797363,0.34732817688734596,0.3872820220232026,50000
drop_wave,Real_Arithmetic,22,-0.9999999965230026,0.26491594314575195,9.633998362574538e-06,1.7616029993648037e-06,50000
drop_wave,Real_Arithmetic,23,-0.9362453275955029,0.2849080562591553,0.483280424273859,0.19252756519415043,50000
drop_wave,Real_Arithmetic,24,-0.9362453277425615,0.26262903213500977,0.2965840918267858,-0.4273915638515733,50000
drop_wave,Real_Arithmetic,25,-0.9362453278079418,0.2620368003845215,0.3801898253752952,0.355077349797594,50000
drop_wave,Real_Arithmetic,26,-0.9362453277988374,0.28454017639160156,0.5094142442537197,-0.10545528123249853,50000
drop_wave,Real_Arithmetic,27,-0.9999999999964329,0.2578849792480469,3.90300893164405e-10,-3.1369073706750675e-07,50000
drop_wave,Real_Arithmetic,28,-0.9362453278079418,0.2824389934539795,0.48741239522882174,0.18180590004622538,50000
drop_wave,Real_Arithmetic,29,-0.9362453275547876,0.26488709449768066,0.4234492136056607,0.3021790006517209,50000
drop_wave,Real_BLX_Alpha,0,-0.999999974467934,0.2923610210418701,2.5992208815281182e-05,-5.360778530093336e-06,50000
drop_wave,Real_BLX_Alpha,1,-0.9362453278079418,0.2837080955505371,-0.36276479008339674,-0.37286181693545717,50000
drop_wave,Real_BLX_Alpha,2,-0.936245327806579,0.2690408229827881,-0.4977094447213385,0.15135965409497623,50000
drop_wave,Real_BLX_Alpha,3,-0.999999999998864,0.2827880382537842,1.770314293845969e-07,1.094220386451256e-11,50000
drop_wave,Real_BLX_Alpha,4,-0.9999999888013367,0.2697789669036865,1.5450372626245953e-08,-1.7576359302383716e-05,50000
drop_wave,Real_BLX_Alpha,5,-0.9362453278079418,0.28432774543762207,-0.14799379548891609,-0.4987204261477969,50000
drop_wave,Real_BLX_Alpha,6,-0.9362453278079418,0.2781388759613037,-0.47615638117014036,0.20952166382111684,50000
drop_wave,Real_BLX_Alpha,7,-0.9362453278079418,0.2836639881134033,-0.5121999109336064,0.09096965557127969,50000
drop_wave,Real_BLX_Alpha,8,-0.9362453278079418,0.2739572525024414,0.4454635223250894,0.26867541492360786,50000
drop_wave,Real_BLX_Alpha,9,-0.9362453278079413,0.2745800018310547,0.17242335143534443,0.49080996163755225,50000
drop_wave,Real_BLX_Alpha,10,-0.9999999999999172,0.28306102752685547,-3.74336040888713e-10,4.778968359618079e-08,50000
drop_wave,Real_BLX_Alpha,11,-0.9362453278079418,0.26732802391052246,0.2488469600553833,-0.4568363138970015,50000
drop_wave,Real_BLX_Alpha,12,-0.9362453278079328,0.2831442356109619,-0.06925874362865822,0.5155845915130676,50000
drop_wave,Real_BLX_Alpha,13,-0.9999999999998653,0.2670929431915283,-3.151100294145583e-10,6.096170837754703e-08,50000
drop_wave,Real_BLX_Alpha,14,-0.9362453278079418,0.28581809997558594,0.2054790883274109,0.4779148164662228,50000
drop_wave,Real_BLX_Alpha,15,-0.9362453263059063,0.2703368663787842,-0.33642633045205317,0.39678032639965705,50000
drop_wave,Real_BLX_Alpha,16,-0.936245327777016,0.2926211357116699,0.5104835408991288,-0.10015875276971868,50000
drop_wave,Real_BLX_Alpha,17,-0.9362453276380694,0.26790785789489746,0.46646045854453877,0.23030674543470486,50000
drop_wave,Real_BLX_Alpha,18,-0.9999999999997871,0.28450584411621094,8.575108589703805e-10,-7.663330884345096e-08,50000
drop_wave,Real_BLX_Alpha,19,-1.0,0.3169820308685303,-1.2745536570129134e-09,1.520807158068885e-10,50000
drop_wave,Real_BLX_Alpha,20,-0.9362453278079298,0.26821231842041016,0.3882719666431407,0.34622121131605993,50000
drop_wave,Real_BLX_Alpha,21,-0.9362453278079418,0.3157179355621338,0.4826064059162676,0.19420423420388985,50000
drop_wave,Real_BLX_Alpha,22,-0.9362453278079418,0.2686760425567627,0.33803364716128537,-0.3954206379994502,50000
drop_wave,Real_BLX_Alpha,23,-0.9362453278079418,0.2742807865142822,-0.5125554850492426,0.08894437871558693,50000
drop_wave,Real_BLX_Alpha,24,-0.9362453278079418,0.26738882064819336,-0.05260571607449552,-0.5175489024842193,50000
drop_wave,Real_BLX_Alpha,25,-0.9362453278079418,0.2900397777557373,0.5090882112396483,-0.10702065461642635,50000
drop_wave,Real_BLX_Alpha,26,-0.9999995870516968,0.2778940200805664,-0.0001067318083378886,1.4079756072276242e-09,50000
drop_wave,Real_BLX_Alpha,27,-0.9362453277676211,0.28261899948120117,-0.15708330570274745,0.4959336621819811,50000
drop_wave,Real_BLX_Alpha,28,-0.9362453278079418,0.270158052444458,-0.3619821433646737,0.3736216751244214,50000
drop_wave,Real_BLX_Alpha,29,-0.9362453278079418,0.2767012119293213,0.22082200644512254,0.47102215289711863,50000
cross_in_tray,Binary_1Point,0,-2.062414893238125,0.5336418151855469,-1.3240253299763474,-1.379873350118256,50000
cross_in_tray,Binary_1Point,1,-2.062447457407559,0.5234291553497314,1.333791103990233,1.3142595559624617,50000
cross_in_tray,Binary_1Point,2,-2.062588480775903,0.5388829708099365,-1.3371480888075062,1.3414206149385812,50000
cross_in_tray,Binary_1Point,3,-2.062554036870434,0.5367701053619385,1.3276874952315545,-1.3429465171282509,50000
cross_in_tray,Binary_1Point,4,-2.062605823391665,0.5455029010772705,1.3447775997558544,-1.3435568780041187,50000
cross_in_tray,Binary_1Point,5,-2.0625702487782758,0.5288650989532471,-1.3316548409246955,1.35454337376974,50000
cross_in_tray,Binary_1Point,6,-2.06253498173502,0.5394570827484131,1.3640039673456918,-1.37163347829404,50000
cross_in_tray,Binary_1Point,7,-2.0625906438150263,0.5430059432983398,1.346913862821392,1.3624780651560222,50000
cross_in_tray,Binary_1Point,8,-2.0625676049753463,0.5476150512695312,1.36308842603189,-1.3643091477836258,50000
cross_in_tray,Binary_1Point,9,-2.062467468919724,0.5335021018981934,1.325551232166017,-1.3218890669108099,50000
cross_in_tray,Binary_1Point,10,-2.0626113125506556,0.5445680618286133,-1.3472190432593258,-1.3493553063248633,50000
cross_in_tray,Binary_1Point,11,-2.062520600512692,0.5855798721313477,-1.3627832455939561,-1.3749904631113132,50000
cross_in_tray,Binary_1Point,12,-2.062589629394058,0.5434207916259766,-1.3475242236972598,-1.3356221866178366,50000
cross_in_tray,Binary_1Point,13,-2.062504864427095,0.5585250854492188,1.3398947127489116,-1.3200579842832063,50000
cross_in_tray,Binary_1Point,14,-2.0626115941987395,0.5732531547546387,-1.350881208514533,-1.3499656672007312,50000
cross_in_tray,Binary_1Point,15,-2.0625724379887016,0.5799689292907715,1.3670557717250311,1.3453879606317223,50000
cross_in_tray,Binary_1Point,16,-2.062443371904266,0.5470597743988037,1.321278706034942,-1.3218890669108099,50000
cross_in_tray,Binary_1Point,17,-2.062577421700028,0.5453929901123047,1.3582055390249472,-1.3353170061799027,50000
cross_in_tray,Binary_1Point,18,-2.0625742109892142,0.555185079574585,-1.3524071107042026,1.3319600213626295,50000
cross_in_tray,Binary_1Point,19,-2.0625301185893306,0.543278694152832,-1.375600823987181,-1.346913862821392,50000
cross_in_tray,Binary_1Point,20,-2.062601935844192,0.5574252605438232,-1.3563744563973437,-1.3438620584420526,50000
cross_in_tray,Binary_1Point,21,-2.0625920367308903,0.5482339859008789,1.3624780651560222,-1.3502708476386651,50000
cross_in_tray,Binary_1Point,22,-2.062596481332443,0.5548076629638672,-1.3527122911421365,1.3606469825284186,50000
cross_in_tray,Binary_1Point,23,-2.0625543221232783,0.5784430503845215,-1.350576028076599,-1.3273823147936206,50000
cross_in_tray,Binary_1Point,24,-2.062479748478941,0.5485429763793945,-1.3221942473487438,1.3276874952315545,50000
cross_in_tray,Binary_1Point,25,-2.062578627731611,0.5499529838562012,-1.3331807431143652,-1.3435568780041187,50000
cross_in_tray,Binary_1Point,26,-2.062571200536423,0.5519180297851562,1.367666132600899,-1.346608682383458,50000
cross_in_tray,Binary_1Point,27,-2.0626040870190265,0.5469412803649902,1.3429465171282509,-1.3539330128938722,50000
cross_in_tray,Binary_1Point,28,-2.062608182086211,0.5579080581665039,-1.3499656672007312,-1.3438620584420526,50000
cross_in_tray,Binary_1Point,29,-2.062609571368979,0.555243968963623,1.3517967498283348,-1.3533226520180044,50000
cross_in_tray,Binary_2Point,0,-2.0625659195266994,0.5958847999572754,-1.3655298695353615,-1.3389791714351098,50000
cross_in_tray,Binary_2Point,1,-2.0625771927990564,0.5439579486846924,-1.354848554207674,1.3334859235522991,50000
cross_in_tray,Binary_2Point,2,-2.0625660988637704,0.5686841011047363,-1.3490501258869294,1.3691920347905686,50000
cross_in_tray,Binary_2Point,3,-2.0625671130584893,0.5840499401092529,1.329823758297092,-1.3478294041351937,50000
cross_in_tray,Binary_2Point,4,-2.0625733038883567,0.5667181015014648,-1.3627832455939561,-1.338063630121308,50000
cross_in_tray,Binary_2Point,5,-2.062608102050107,0.5605771541595459,1.3481345845731276,-1.354848554207674,50000
cross_in_tray,Binary_2Point,6,-2.06251604813932,0.5684859752655029,-1.3780422674906525,1.3542381933318062,50000
cross_in_tray,Binary_2Point,7,-2.0626045673392954,0.5596878528594971,-1.3530174715800705,-1.342641336690317,50000
cross_in_tray,Binary_2Point,8,-2.0625290415481365,0.5540430545806885,-1.3566796368352776,1.375600823987181,50000
cross_in_tray,Binary_2Point,9,-2.062517358588337,0.5648539066314697,1.346913862821392,1.320973525597008,50000
cross_in_tray,Binary_2Point,10,-2.062607851673498,0.5603981018066406,1.3459983215075901,-1.3539330128938722,50000
cross_in_tray,Binary_2Point,11,-2.062583077623352,0.5426030158996582,1.36308842603189,-1.342641336690317,50000
cross_in_tray,Binary_2Point,12,-2.061850024470606,0.5413539409637451,1.4192416266117327,-1.3960479133287542,50000
cross_in_tray,Binary_2Point,13,-2.062606514495435,0.5519800186157227,-1.3517967498283348,-1.3432516975661848,50000
cross_in_tray,Binary_2Point,14,-2.0625545665455727,0.5553829669952393,-1.3273823147936206,1.3453879606317223,50000
cross_in_tray,Binary_2Point,15,-2.0626111070037507,0.549515962600708,1.350576028076599,1.3472190432593258,50000
cross_in_tray,Binary_2Point,16,-2.0625360457860715,0.5563571453094482,1.351186388952467,1.3749904631113132,50000
cross_in_tray,Binary_2Point,17,-2.062600618710492,0.5672159194946289,1.3472190432593258,-1.358815899900815,50000
cross_in_tray,Binary_2Point,18,-2.062450750957965,0.5530529022216797,1.3243305104142813,-1.3749904631113132,50000
cross_in_tray,Binary_2Point,19,-2.0625208309707967,0.5703630447387695,-1.3359273670557705,-1.3240253299763474,50000
cross_in_tray,Binary_2Point,20,-2.0626116684460083,0.5559940338134766,-1.3481345845731276,-1.3496604867627973,50000
cross_in_tray,Binary_2Point,21,-2.0599221265509793,0.5468997955322266,1.3774319066147847,1.2043945983062478,50000
cross_in_tray,Binary_2Point,22,-2.062603812106212,0.5563399791717529,1.3481345845731276,1.3411154345006473,50000
cross_in_tray,Binary_2Point,23,-2.0625316563432383,0.550987958908081,-1.3267719539177527,1.3609521629663526,50000
cross_in_tray,Binary_2Point,24,-2.0624922760887876,0.5557751655578613,1.3447775997558544,1.3807888914320579,50000
cross_in_tray,Binary_2Point,25,-2.062585902876133,0.5625197887420654,1.3517967498283348,-1.3643091477836258,50000
cross_in_tray,Binary_2Point,26,-2.06260997532913,0.6057720184326172,-1.3487449454489955,1.3453879606317223,50000
cross_in_tray,Binary_2Point,27,-2.062540883462445,0.5571749210357666,-1.3292133974212241,-1.333791103990233,50000
cross_in_tray,Binary_2Point,28,-2.062592769457018,0.5597620010375977,1.3612573434042865,-1.3453879606317223,50000
cross_in_tray,Binary_2Point,29,-2.0626112005309256,0.6030571460723877,-1.3517967498283348,-1.3493553063248633,50000
cross_in_tray,Real_Arithmetic,0,-2.0626118708077463,0.3460521697998047,-1.3494068766725178,1.3494179555962598,50000
cross_in_tray,Real_Arithmetic,1,-2.0626118527874837,0.3432331085205078,1.3494356227471966,1.3498003857404628,50000
cross_in_tray,Real_Arithmetic,2,-2.062611870522492,0.3676881790161133,1.349404583162864,1.3493558411066222,50000
cross_in_tray,Real_Arithmetic,3,-2.0626118660461956,0.34719204902648926,1.349604810372702,1.3493790781904158,50000
cross_in_tray,Real_Arithmetic,4,-2.062611870803147,0.3669557571411133,1.3494056494379532,-1.3493936390013381,50000
cross_in_tray,Real_Arithmetic,5,-2.062611866184164,0.36086082458496094,1.3495194495226364,1.349579229887805,50000
cross_in_tray,Real_Arithmetic,6,-2.062611868205135,0.3439199924468994,-1.3492566098512806,-1.349395516095825,50000
cross_in_tray,Real_Arithmetic,7,-2.0626118699451856,0.36533594131469727,-1.349493474328702,-1.3494130447983594,50000
cross_in_tray,Real_Arithmetic,8,-2.0626118518907557,0.34485816955566406,1.349436181225181,-1.349810056560493,50000
cross_in_tray,Real_Arithmetic,9,-2.0626118707987366,0.3635249137878418,1.3494209786963074,-1.3494079728402903,50000
cross_in_tray,Real_Arithmetic,10,-2.0626118708151315,0.3460259437561035,-1.3494147044383955,-1.3494071902980949,50000
cross_in_tray,Real_Arithmetic,11,-2.062611864117224,0.3576638698577881,1.3491744446062657,1.349328559843094,50000
cross_in_tray,Real_Arithmetic,12,-2.0626118703003726,0.36104607582092285,1.34941155718721,-1.349473629675635,50000
cross_in_tray,Real_Arithmetic,13,-2.0626118694223496,0.34342122077941895,-1.34929689702285,1.3493985368047237,50000
cross_in_tray,Real_Arithmetic,14,-2.062611869474729,0.34604787826538086,-1.3492989687530348,1.34939846847378,50000
cross_in_tray,Real_Arithmetic,15,-2.0626118705150245,0.3566009998321533,1.349401199634698,-1.3493552107809106,50000
cross_in_tray,Real_Arithmetic,16,-2.062611865267926,0.3471386432647705,1.3495087421894727,-1.349606800787932,50000
cross_in_tray,Real_Arithmetic,17,-2.0626118631644608,0.3450438976287842,-1.34952108741467,1.3496440538806156,50000
cross_in_tray,Real_Arithmetic,18,-2.062611870524598,0.3623013496398926,1.349410334912478,1.3494572437330268,50000
cross_in_tray,Real_Arithmetic,19,-2.062611870770217,0.36020994186401367,1.3494082006061667,-1.3494278662471002,50000
cross_in_tray,Real_Arithmetic,20,-2.0626118546498864,0.3482649326324463,-1.3493026586089445,1.3490418662945887,50000
cross_in_tray,Real_Arithmetic,21,-2.062611870315975,0.36993408203125,1.349350925589405,1.3493671927665272,50000
cross_in_tray,Real_Arithmetic,22,-2.0626118701483795,0.34885525703430176,-1.3494075953738012,1.3493307622236945,50000
cross_in_tray,Real_Arithmetic,23,-2.062611870733464,0.3403487205505371,-1.3494343197440966,-1.3494088625116083,50000
cross_in_tray,Real_Arithmetic,24,-2.0626118707174195,0.37363290786743164,1.3494240375909299,1.3494323662215049,50000
cross_in_tray,Real_Arithmetic,25,-2.0626118704362377,0.34268784523010254,-1.3494642597672506,-1.349410866707168,50000
cross_in_tray,Real_Arithmetic,26,-2.0626118694517857,0.3457529544830322,1.3493987579222901,1.3492980563666088,50000
cross_in_tray,Real_Arithmetic,27,-2.062611870670134,0.35335803031921387,-1.349409279094881,-1.3494428374311154,50000
cross_in_tray,Real_Arithmetic,28,-2.0626118708163537,0.34041786193847656,1.349406065577282,-1.3493992079559236,50000
cross_in_tray,Real_Arithmetic,29,-2.0626118673868072,0.34915709495544434,-1.349381171782262,1.349574259153286,50000
cross_in_tray,Real_BLX_Alpha,0,-2.062611869045368,0.35424208641052246,-1.349397556020118,-1.3492830080488742,50000
cross_in_tray,Real_BLX_Alpha,1,-2.062611868689721,0.3514528274536133,1.34954148633152,-1.3494286522315073,50000
cross_in_tray,Real_BLX_Alpha,2,-2.062611870765566,0.35697221755981445,-1.3493844473193957,-1.3494049456145947,50000
cross_in_tray,Real_BLX_Alpha,3,-2.0626118705552665,0.3700218200683594,1.3494098668264403,1.3494545684317145,50000
cross_in_tray,Real_BLX_Alpha,4,-2.062611870764556,0.34863710403442383,1.3494048955021913,-1.349384252469616,50000
cross_in_tray,Real_BLX_Alpha,5,-2.062611870813048,0.3550736904144287,-1.3494156946069253,1.3494082387663768,50000
cross_in_tray,Real_BLX_Alpha,6,-2.0626118688977138,0.36523008346557617,-1.3494341969981944,-1.3495339576205652,50000
cross_in_tray,Real_BLX_Alpha,7,-2.0626118708212124,0.371199369430542,-1.3494055331984418,1.3494030897948635,50000
cross_in_tray,Real_BLX_Alpha,8,-2.0626118708207843,0.4181642532348633,-1.3494050201704353,1.3494027338310617,50000
cross_in_tray,Real_BLX_Alpha,9,-2.0626118632902513,0.3812377452850342,-1.3491521892915863,1.3493836440621514,50000
cross_in_tray,Real_BLX_Alpha,10,-2.0626118659861095,0.3788120746612549,1.3494311718481513,-1.3496103037712388,50000
cross_in_tray,Real_BLX_Alpha,11,-2.062611870175499,0.36457395553588867,-1.3494552810433593,-1.3494665760609295,50000
cross_in_tray,Real_BLX_Alpha,12,-2.062611860951854,0.36141514778137207,1.349385195721585,-1.3491153218911989,50000
cross_in_tray,Real_BLX_Alpha,13,-2.06261187066187,0.3702540397644043,1.349409359695931,1.3494438052426891,50000
cross_in_tray,Real_BLX_Alpha,14,-2.06261187082211,0.35741734504699707,-1.3494089128963205,-1.3494071633128923,50000
cross_in_tray,Real_BLX_Alpha,15,-2.062611870822737,0.3518657684326172,-1.3494065810948968,1.349406474144527,50000
cross_in_tray,Real_BLX_Alpha,16,-2.0626118703920033,0.354503870010376,1.3494147986043352,1.3494673548498635,50000
cross_in_tray,Real_BLX_Alpha,17,-2.0626118661578365,0.3509678840637207,-1.3495332290933313,1.3495706631653246,50000
cross_in_tray,Real_BLX_Alpha,18,-2.062611870615792,0.3565800189971924,-1.349409722337914,1.3494487962819555,50000
cross_in_tray,Real_BLX_Alpha,19,-2.062611868294383,0.35473203659057617,-1.349260698677154,-1.3494168717136406,50000
cross_in_tray,Real_BLX_Alpha,20,-2.0626118690258792,0.3561689853668213,-1.3492832954504674,-1.3494129496486689,50000
cross_in_tray,Real_BLX_Alpha,21,-2.0626118708215726,0.3659520149230957,1.3494070936646418,1.3494097753905743,50000
cross_in_tray,Real_BLX_Alpha,22,-2.0626118708068417,0.3515181541442871,1.3494183075673667,-1.3494075460137522,50000
cross_in_tray,Real_BLX_Alpha,23,-2.0626118517900176,0.36167073249816895,-1.3498100237245807,-1.349406487433527,50000
cross_in_tray,Real_BLX_Alpha,24,-2.062611870752464,0.37056994438171387,1.3494309816924868,1.3494116419615865,50000
cross_in_tray,Real_BLX_Alpha,25,-2.0626118700086997,0.35822081565856934,1.3493751335423803,-1.3493270084256281,50000
cross_in_tray,Real_BLX_Alpha,26,-2.0626118707005032,0.36023879051208496,1.3494089925158688,1.3494390337220783,50000
cross_in_tray,Real_BLX_Alpha,27,-2.0626118667419524,0.3616340160369873,1.3493386354516665,1.3495756747179244,50000
cross_in_tray,Real_BLX_Alpha,28,-2.062611870794088,0.3769547939300537,1.349405831197216,1.3493909272147888,50000
cross_in_tray,Real_BLX_Alpha,29,-2.0626118706047802,0.36243200302124023,-1.3494098094530544,-1.3494499039272752,50000
